<?xml version="1.0" encoding="UTF-8"?>
<beans xmlns="http://www.springframework.org/schema/beans"
	xmlns:xsi="http://www.w3.org/2001/XMLSchema-instance" xmlns:context="http://www.springframework.org/schema/context"
	xmlns:mvc="http://www.springframework.org/schema/mvc"
	xsi:schemaLocation="
		http://www.springframework.org/schema/context
		http://www.springframework.org/schema/context/spring-context.xsd
		http://www.springframework.org/schema/mvc
		http://www.springframework.org/schema/mvc/spring-mvc-3.1.xsd
		http://www.springframework.org/schema/beans
		http://www.springframework.org/schema/beans/spring-beans-3.1.xsd">

	<!-- Enables the Spring MVC @Controller programming model -->
	<mvc:annotation-driven conversion-service="conversionService" />

	<bean id="conversionService"
		class="org.springframework.format.support.FormattingConversionServiceFactoryBean" />

	<!-- Required for JSR-303 validation -->
	<bean id="validator"
		class="org.springframework.validation.beanvalidation.LocalValidatorFactoryBean" />

	<!-- Handles HTTP GET requests for /resources/** by efficiently serving 
		up static resources in the ${webappRoot}/resources directory -->
	<mvc:resources mapping="/resources/**" location="/resources/" />

	<!-- Resolves views selected for rendering by @Controllers to .jsp resources 
		in the /WEB-INF/views directory -->
	<bean
		class="org.springframework.web.servlet.view.InternalResourceViewResolver">
		<property name="viewClass"
			value="org.springframework.web.servlet.view.JstlView" />
		<property name="prefix" value="/WEB-INF/jsp/" />
		<property name="suffix" value=".jsp" />
	</bean>

	<!-- Scans within the base package of the application for @Components to 
		configure as beans -->
	<context:component-scan base-package="com.springinpractice.ch05" />

	<import resource="webflowContext.xml" />

</beans>
