<?xml version="1.0" encoding="UTF-8"?>

<!--
========================================================================================================================
beans-security.xml

Copyright (c) 2013 Manning Publications Co.

Willie Wheeler (willie.wheeler@gmail.com)

Book: http://manning.com/wheeler/
Blog: http://springinpractice.com/
Code: https://github.com/springinpractice
========================================================================================================================
-->
<beans:beans xmlns="http://www.springframework.org/schema/security"
	xmlns:beans="http://www.springframework.org/schema/beans"
	xmlns:p="http://www.springframework.org/schema/p"
	xmlns:xsi="http://www.w3.org/2001/XMLSchema-instance"
	xsi:schemaLocation="
		http://www.springframework.org/schema/beans
		http://www.springframework.org/schema/beans/spring-beans-3.1.xsd
		http://www.springframework.org/schema/security
		http://www.springframework.org/schema/security/spring-security-3.0.xsd">
		
	<http auto-config="true" use-expressions="true">
		<form-login login-page="/login.html"
			authentication-failure-url="/login.html?failed=true"
			default-target-url="/home.html" />
		<remember-me />
		<logout logout-success-url="/home.html" />
	</http>
	<authentication-manager>
		<authentication-provider>
			<jdbc-user-service data-source-ref="dataSource"
				users-by-username-query=
					"select username, password, enabled
					 from account where username = ?"
				authorities-by-username-query=
					"select a.username, r.name
					 from account a, role r, account_role ar
					 where ar.account_id = a.id and ar.role_id = r.id
					 and a.username = ?" />
		</authentication-provider>
	</authentication-manager>
</beans:beans>
