<?xml version="1.0"?>
<!DOCTYPE Configure PUBLIC "-//Mort Bay Consulting//DTD Configure//EN" "http://jetty.mortbay.org/configure.dtd">

<Configure class="org.mortbay.jetty.webapp.WebAppContext">
	<New id="sip04HelpDeskDataSource" class="org.mortbay.jetty.plus.naming.Resource">
		<Arg>jdbc/Sip04DS</Arg>
		<Arg>
			<New class="org.apache.commons.dbcp.BasicDataSource">
				<Set name="driverClassName">com.mysql.jdbc.Driver</Set>
				<Set name="url">jdbc:mysql://localhost:3306/sip04?autoReconnect=true</Set>
				<Set name="username">root</Set>
				<Set name="password"></Set>
			</New>
		</Arg>
	</New>
</Configure>
