<?xml version="1.0" encoding="UTF-8"?>
<!-- Source project: sip01, branch: 03 (Maven Project) -->

<beans xmlns="http://www.springframework.org/schema/beans"
    xmlns:xsi="http://www.w3.org/2001/XMLSchema-instance"
    xsi:schemaLocation="http://www.springframework.org/schema/beans
        http://www.springframework.org/schema/beans/spring-beans-3.1.xsd">

    <bean id="dataSource" class="org.apache.commons.dbcp.BasicDataSource"
        destroy-method="close">
        <property name="driverClassName" value="com.mysql.jdbc.Driver"/>
        <property name="url" 
            value="jdbc:mysql://localhost:3306/springbook?autoReconnect=true"/>
        <property name="username" value="someusername"/>
        <property name="password" value="somepassword"/>
    </bean>

    <bean id="accountDao"
        class="com.springinpractice.ch01.dao.jdbc.JdbcAccountDao">
        <property name="dataSource" ref="dataSource"/>
    </bean>

    <bean id="accountService"
        class="com.springinpractice.ch01.service.AccountService">
        <property name="accountDao" ref="accountDao"/>
    </bean>
</beans>