<?xml version="1.0" encoding="UTF-8"?>

<!--
========================================================================================================================
beans-service.xml

Copyright (c) 2013 Manning Publications Co.

Willie Wheeler (willie.wheeler@gmail.com)

Book: http://manning.com/wheeler/
Blog: http://springinpractice.com/
Code: https://github.com/springinpractice
========================================================================================================================
-->
<beans xmlns="http://www.springframework.org/schema/beans"
	xmlns:c="http://www.springframework.org/schema/c"
	xmlns:context="http://www.springframework.org/schema/context"
	xmlns:jee="http://www.springframework.org/schema/jee"
	xmlns:p="http://www.springframework.org/schema/p"
	xmlns:tx="http://www.springframework.org/schema/tx"
	xmlns:xsi="http://www.w3.org/2001/XMLSchema-instance"
	xsi:schemaLocation="
		http://www.springframework.org/schema/beans
		http://www.springframework.org/schema/beans/spring-beans-3.1.xsd
		http://www.springframework.org/schema/context
		http://www.springframework.org/schema/context/spring-context-3.1.xsd
		http://www.springframework.org/schema/jee
		http://www.springframework.org/schema/jee/spring-jee-3.1.xsd
		http://www.springframework.org/schema/tx
		http://www.springframework.org/schema/tx/spring-tx-3.1.xsd">
	
	<!-- Supports @PersistenceUnit and @PersistenceContext. But don't need to define this explicitly if we use
	     <context:annotation-config /> or <context:component-scan /> (the latter with annotation-config="true", which
	     is the default). -->
 	<!-- See http://forum.springsource.org/showthread.php?52570-Usage-of-PersistenceAnnotationBeanPostProcessor -->
<!-- 	<bean class="org.springframework.orm.jpa.support.PersistenceAnnotationBeanPostProcessor" /> -->
	
	<!-- Use this EMF configuration if you are using persistence.xml. -->
	<!--
	<bean id="entityManagerFactory"
		class="org.springframework.orm.jpa.LocalContainerEntityManagerFactoryBean"
		p:persistenceUnitName="ContactManager" />
	-->
	
	<jee:jndi-lookup id="dataSource" jndi-name="jdbc/Sip02DS" resource-ref="true" />
	
	<!-- Use this EMF configuration as an alternative to using persistence.xml. -->
	<bean id="entityManagerFactory"
		class="org.springframework.orm.jpa.LocalContainerEntityManagerFactoryBean"
		p:dataSource-ref="dataSource"
		p:packagesToScan="com.springinpractice.ch02.model">
		
		<property name="persistenceProvider">
			<bean class="org.hibernate.ejb.HibernatePersistence" />
		</property>
		<property name="jpaProperties">
			<props>
				<prop key="hibernate.dialect">org.hibernate.dialect.MySQL5Dialect</prop>
				<prop key="hibernate.show_sql">false</prop>
			</props>
		</property>
	</bean>
	
	<bean id="transactionManager"
		class="org.springframework.orm.jpa.JpaTransactionManager"
		p:entityManagerFactory-ref="entityManagerFactory" />
	
	<tx:annotation-driven />
    
    <!-- These automatically register the PersistenceAnnotationBeanPostProcessor, as indicated above. -->
	<context:component-scan base-package="com.springinpractice.ch02.dao.jpa" />
	<context:component-scan base-package="com.springinpractice.ch02.service.impl" />
</beans>
